State,Account length,Area code,International plan,Voice mail plan,Number vmail messages,Total day minutes,Total day calls,Total day charge,Total intl minutes,Total intl calls,Total intl charge,Customer service calls,Client type,Churn
LA,117,408,No,No,0,184.5,97,31.37,8.7,4,2.35,1,moderate_caller,False
IN,65,415,No,No,0,129.1,137,21.95,12.7,6,3.43,4,frequent_caller,True
NY,161,415,No,No,0,332.9,67,56.59,5.4,9,1.46,4,infrequent_caller,True
SC,111,415,No,No,0,110.4,103,18.77,7.7,6,2.08,2,moderate_caller,False
HI,49,510,No,No,0,119.3,117,20.28,11.1,1,3.0,1,frequent_caller,False
AK,36,408,No,Yes,30,146.3,128,24.87,14.5,6,3.92,0,frequent_caller,False
MI,65,415,No,No,0,211.3,120,35.92,13.2,5,3.56,3,frequent_caller,False
ID,119,415,No,No,0,159.1,114,27.05,8.8,3,2.38,5,frequent_caller,True
VA,10,408,No,No,0,186.1,112,31.64,11.4,6,3.08,2,frequent_caller,False
WI,68,415,No,No,0,148.8,70,25.3,12.1,3,3.27,3,infrequent_caller,False
MN,74,510,No,Yes,33,193.7,91,32.93,14.6,3,3.94,2,infrequent_caller,False
HI,85,415,No,No,0,235.8,109,40.09,12.0,3,3.24,0,moderate_caller,False
MN,46,415,No,No,0,214.1,72,36.4,8.2,3,2.21,2,infrequent_caller,False
VT,128,510,No,Yes,29,179.3,104,30.48,8.6,7,2.32,0,moderate_caller,False
LA,155,415,No,No,0,203.4,100,34.58,8.9,4,2.4,0,moderate_caller,True
MT,73,415,No,No,0,160.1,110,27.22,13.0,4,3.51,0,moderate_caller,False
ID,77,415,No,No,0,251.8,72,42.81,9.8,7,2.65,2,infrequent_caller,True
MA,108,415,No,No,0,178.3,137,30.31,14.6,5,3.94,0,frequent_caller,False
KY,95,408,No,No,0,135.0,99,22.95,12.5,9,3.38,1,moderate_caller,False
MI,36,510,No,Yes,29,281.4,102,47.84,9.0,6,2.43,2,moderate_caller,False
CO,141,415,No,Yes,32,148.6,91,25.26,10.1,1,2.73,1,infrequent_caller,False
AZ,63,415,No,No,0,58.9,125,10.01,9.4,3,2.54,1,frequent_caller,False
ID,97,408,No,No,0,239.8,125,40.77,8.7,5,2.35,2,frequent_caller,False
CA,75,408,No,No,0,166.3,125,28.27,6.1,5,1.65,1,frequent_caller,False
WA,127,408,No,No,0,146.7,91,24.94,13.7,3,3.7,1,infrequent_caller,False
LA,121,408,No,No,0,181.5,121,30.86,8.5,5,2.3,1,frequent_caller,False
NE,117,415,No,No,0,102.8,119,17.48,10.1,7,2.73,1,frequent_caller,False
OH,65,408,No,No,0,187.9,116,31.94,7.5,6,2.03,1,frequent_caller,False
MO,6,510,No,No,0,183.6,117,31.21,10.2,2,2.75,1,frequent_caller,False
AL,32,510,No,No,0,230.9,87,39.25,6.3,2,1.7,0,infrequent_caller,False
NH,64,408,No,Yes,27,182.1,91,30.96,10.6,5,2.86,2,infrequent_caller,False
NM,25,415,No,No,0,119.3,87,20.28,10.5,4,2.84,3,infrequent_caller,False
OR,65,415,No,No,0,116.8,87,19.86,14.1,2,3.81,1,infrequent_caller,False
MI,127,415,No,No,0,202.1,103,34.36,11.5,3,3.11,2,moderate_caller,False
AZ,93,415,No,No,0,,71,,10.9,-1,2.94,2,infrequent_caller,False
TX,208,510,No,No,0,326.5,67,55.51,10.7,6,2.89,2,infrequent_caller,True
IN,122,415,No,No,0,243.8,98,41.45,13.7,8,3.7,2,moderate_caller,False
LA,99,415,No,No,0,241.1,72,40.99,11.6,10,3.13,1,infrequent_caller,False
MS,65,415,No,No,0,136.1,112,23.14,4.4,2,1.19,1,frequent_caller,False
IN,65,415,No,No,0,213.4,111,36.28,2.7,4,0.73,1,frequent_caller,False
KY,45,415,No,Yes,22,196.6,84,33.42,11.9,3,3.21,0,infrequent_caller,False
MN,139,510,No,No,0,134.4,106,22.85,10.2,2,2.75,5,moderate_caller,True
WY,215,510,No,No,0,83.6,148,14.21,10.7,9,2.89,0,frequent_caller,False
AZ,94,408,No,No,0,181.8,85,30.91,9.2,2,2.48,4,infrequent_caller,False
NM,119,510,No,Yes,23,154.0,114,26.18,11.8,4,3.19,2,frequent_caller,False
MI,86,510,No,Yes,41,,101,,9.5,3,2.57,0,moderate_caller,False
FL,106,408,No,Yes,32,165.9,126,28.2,14.1,8,3.81,4,frequent_caller,False
KS,92,408,Yes,No,0,62.6,111,10.64,10.4,2,2.81,1,frequent_caller,True
SC,78,510,No,No,0,168.3,110,28.61,12.5,1,3.38,1,moderate_caller,False
NC,155,408,No,No,0,262.4,55,44.61,8.3,6,2.24,2,infrequent_caller,False
MO,64,510,No,Yes,48,94.4,104,16.05,4.5,4,1.22,0,moderate_caller,False
WA,83,415,No,No,0,221.4,103,37.64,9.8,5,2.65,3,moderate_caller,False
SD,144,408,No,Yes,48,189.8,96,32.27,6.5,2,1.76,2,moderate_caller,True
MT,143,415,No,No,0,172.3,97,29.29,13.0,4,3.51,2,moderate_caller,False
MN,81,415,No,No,0,198.4,93,33.73,10.4,6,2.81,2,moderate_caller,False
SD,145,408,No,Yes,24,147.5,90,25.08,15.6,3,4.21,2,infrequent_caller,False
OK,89,510,No,No,0,303.9,95,51.66,5.3,3,1.43,1,moderate_caller,True
CT,199,415,No,Yes,34,230.6,121,39.2,8.0,2,2.16,0,frequent_caller,False
CT,96,415,No,Yes,37,172.7,93,29.36,10.3,5,2.78,5,moderate_caller,True
MN,94,415,No,No,0,181.5,98,30.86,6.6,5,1.78,1,moderate_caller,False
FL,127,415,No,No,0,266.6,106,45.32,5.9,2,1.59,1,moderate_caller,True
RI,121,408,No,No,0,170.4,108,28.97,11.2,3,3.02,0,moderate_caller,True
IN,122,408,No,No,0,296.4,99,50.39,11.4,3,3.08,4,moderate_caller,True
AL,121,408,No,Yes,35,68.7,95,11.68,11.4,4,3.08,1,moderate_caller,False
OR,77,510,No,No,0,233.8,104,39.75,7.6,3,2.05,2,moderate_caller,False
MS,64,408,Yes,No,0,236.2,77,40.15,13.2,2,3.56,2,infrequent_caller,True
CA,124,408,Yes,No,0,244.6,89,41.58,11.3,4,3.05,1,infrequent_caller,False
DE,148,415,No,No,0,124.4,83,21.15,11.3,6,3.05,0,infrequent_caller,False
MS,77,408,No,No,0,230.0,87,39.1,11.3,3,3.05,2,infrequent_caller,False
NC,135,415,No,No,0,201.8,81,34.31,10.3,6,2.78,1,infrequent_caller,False
SD,87,415,No,Yes,21,214.0,113,36.38,10.6,5,2.86,0,frequent_caller,False
NH,54,510,No,No,0,210.5,102,35.79,8.5,5,2.3,1,moderate_caller,False
MA,35,415,No,No,0,105.6,129,17.95,8.7,3,2.35,0,frequent_caller,False
TX,84,408,No,No,0,138.6,102,23.56,7.8,4,2.11,0,moderate_caller,False
OR,94,415,No,No,0,234.4,103,39.85,2.0,2,0.54,1,moderate_caller,True
UT,96,408,No,Yes,26,145.8,108,24.79,9.9,2,2.67,1,moderate_caller,False
NV,64,415,No,No,0,97.2,80,16.52,10.4,6,2.81,2,infrequent_caller,False
NE,85,415,No,No,0,259.8,85,44.17,5.4,1,1.46,0,infrequent_caller,False
AZ,117,408,No,No,0,239.9,84,40.78,9.8,2,2.65,0,infrequent_caller,False
DC,112,415,No,Yes,16,221.6,110,37.67,11.3,3,3.05,1,moderate_caller,False
MA,129,510,Yes,No,0,192.9,131,32.79,10.9,4,2.94,1,frequent_caller,False
AZ,140,408,No,No,0,173.2,91,29.44,11.2,5,3.02,3,infrequent_caller,False
MI,81,415,No,No,0,153.5,99,26.1,6.3,2,1.7,2,moderate_caller,False
TX,70,510,No,No,0,59.5,103,10.12,11.1,6,3.0,0,moderate_caller,False
ID,79,510,No,Yes,21,264.3,79,44.93,6.3,3,1.7,4,infrequent_caller,False
AL,85,408,No,No,0,127.9,107,21.74,12.5,5,3.38,0,moderate_caller,False
SD,91,510,No,No,0,149.0,115,25.33,8.3,3,2.24,0,frequent_caller,False
LA,149,415,No,Yes,20,198.9,77,33.81,14.3,9,3.86,1,infrequent_caller,False
AZ,60,415,No,No,0,98.2,88,16.69,9.3,2,2.51,2,infrequent_caller,False
RI,115,408,No,No,0,147.9,109,25.14,9.6,9,2.59,3,moderate_caller,False
OH,144,415,No,Yes,18,106.4,109,18.09,10.1,5,2.73,1,moderate_caller,False
AZ,86,415,No,Yes,32,70.9,163,12.05,11.1,5,3.0,3,frequent_caller,False
MI,139,415,No,Yes,20,214.6,101,36.48,14.8,12,4.0,0,moderate_caller,False
NV,124,408,No,No,0,151.1,123,25.69,5.3,3,1.43,1,frequent_caller,False
MA,102,510,Yes,No,0,233.8,103,39.75,12.8,3,3.46,0,moderate_caller,False
IN,78,415,No,No,0,208.9,119,35.51,12.8,7,3.46,0,frequent_caller,False
AL,55,415,Yes,No,0,191.9,91,32.62,14.3,-1,3.86,1,infrequent_caller,True
RI,129,415,No,Yes,33,119.6,104,20.33,5.9,2,1.59,2,moderate_caller,False
ME,75,408,Yes,No,0,211.3,61,35.92,9.7,4,2.62,4,infrequent_caller,True
SD,126,415,No,Yes,23,114.3,102,19.43,12.6,7,3.4,3,moderate_caller,False
MO,92,415,No,No,0,154.0,122,26.18,5.6,2,1.51,3,frequent_caller,True
OK,52,408,No,No,0,214.7,68,36.5,9.4,4,2.54,2,infrequent_caller,False
IL,87,510,No,No,0,231.3,105,39.32,13.0,6,3.51,1,moderate_caller,False
NJ,95,415,No,Yes,22,40.9,126,6.95,11.9,7,3.21,0,frequent_caller,False
LA,67,510,No,No,0,310.4,97,52.77,9.2,10,2.48,4,moderate_caller,False
OR,165,415,No,No,0,216.6,126,36.82,12.4,8,3.35,0,frequent_caller,False
RI,150,415,No,Yes,29,209.9,77,35.68,6.6,-1,1.78,0,infrequent_caller,False
NC,26,415,No,No,0,234.5,109,39.87,3.5,6,0.95,3,moderate_caller,False
MD,79,510,No,Yes,31,103.1,90,17.53,12.2,8,3.29,3,infrequent_caller,False
WI,69,510,Yes,No,0,279.8,90,47.57,8.4,10,2.27,2,infrequent_caller,True
VT,95,510,Yes,Yes,41,136.8,91,23.26,10.3,9,2.78,5,infrequent_caller,True
NY,157,415,No,No,0,224.5,111,38.17,11.5,2,3.11,2,frequent_caller,False
VT,80,415,No,No,0,160.6,103,27.3,10.7,1,2.89,1,moderate_caller,False
AZ,75,510,No,Yes,37,121.5,97,20.66,11.3,5,3.05,2,moderate_caller,False
WV,44,510,No,No,0,228.1,121,38.78,9.9,5,2.67,2,frequent_caller,True
OK,101,408,No,No,0,89.7,118,15.25,13.5,11,3.65,5,frequent_caller,True
WI,117,408,No,Yes,14,80.2,81,13.63,8.6,2,2.32,1,infrequent_caller,False
PA,82,408,No,No,0,125.7,96,21.37,12.9,2,3.48,1,moderate_caller,False
NY,39,408,No,No,0,160.4,68,27.27,9.1,5,2.46,2,infrequent_caller,False
NM,30,415,No,No,0,169.9,144,28.88,11.4,-1,3.08,1,frequent_caller,False
NC,63,415,No,Yes,29,142.3,107,24.19,6.6,8,1.78,1,moderate_caller,False
WY,111,415,No,No,0,146.2,55,24.85,8.7,3,2.35,3,infrequent_caller,False
PA,91,510,No,No,0,231.8,120,39.41,11.6,7,3.13,3,frequent_caller,False
NV,105,415,Yes,Yes,29,220.7,82,37.52,13.2,6,3.56,1,infrequent_caller,True
WA,166,408,Yes,Yes,35,128.2,138,21.79,8.8,7,2.38,2,frequent_caller,False
FL,79,510,No,No,0,130.2,119,22.13,14.0,6,3.78,3,frequent_caller,False
ME,105,408,No,Yes,33,209.6,68,35.63,10.6,3,2.86,2,infrequent_caller,False
LA,172,415,No,No,0,215.7,140,36.67,7.1,1,1.92,3,frequent_caller,False
KS,121,408,No,No,0,150.7,105,25.62,9.2,15,2.48,1,moderate_caller,False
ND,88,415,No,No,0,161.5,92,27.46,7.9,4,2.13,2,infrequent_caller,False
WV,153,408,No,Yes,28,235.6,74,40.05,15.4,9,4.16,0,infrequent_caller,False
AR,54,415,No,Yes,39,206.9,143,35.17,9.2,1,2.48,3,frequent_caller,False
CA,79,510,No,No,0,157.6,85,26.79,9.4,10,2.54,5,infrequent_caller,True
MN,55,415,No,No,0,175.6,147,29.85,9.3,4,2.51,0,frequent_caller,False
MT,109,408,No,No,0,264.7,69,45.0,9.5,9,2.57,1,infrequent_caller,True
SD,65,408,No,Yes,31,282.3,70,47.99,12.0,4,3.24,1,infrequent_caller,False
MT,27,510,No,No,0,193.8,102,32.95,9.2,3,2.48,0,moderate_caller,False
WV,32,408,No,Yes,26,266.7,109,45.34,16.3,4,4.4,1,moderate_caller,False
CT,3,415,No,Yes,36,118.1,117,20.08,11.9,6,3.21,2,frequent_caller,False
DE,119,415,No,No,0,176.8,90,30.06,7.5,15,2.03,1,infrequent_caller,False
LA,43,415,No,No,0,241.9,101,41.12,5.9,3,1.59,1,moderate_caller,False
KS,116,510,No,No,0,189.5,90,32.22,13.1,2,3.54,1,infrequent_caller,False
WV,107,415,No,No,0,123.1,100,20.93,9.3,5,2.51,0,moderate_caller,False
ND,123,408,No,No,0,159.1,94,27.05,6.5,1,1.76,1,moderate_caller,False
AK,110,408,No,No,0,100.1,90,17.02,11.1,8,3.0,3,infrequent_caller,False
ME,176,415,No,No,0,223.2,76,37.94,10.1,2,2.73,3,infrequent_caller,False
MN,13,510,No,Yes,21,315.6,105,53.65,12.1,3,3.27,3,moderate_caller,False
KS,88,415,No,No,0,189.8,111,32.27,14.9,3,4.02,2,frequent_caller,False
NJ,92,510,No,Yes,29,155.4,110,26.42,8.0,4,2.16,3,moderate_caller,False
WI,165,510,No,No,0,154.2,91,26.21,10.9,4,2.94,6,infrequent_caller,False
AR,156,415,No,No,0,178.8,94,30.4,7.5,-1,2.03,1,moderate_caller,False
WA,63,408,No,No,0,149.3,104,25.38,9.1,4,2.46,0,moderate_caller,False
ID,83,415,Yes,Yes,32,94.7,111,16.1,10.6,6,2.86,2,frequent_caller,False
VA,158,415,No,No,0,222.8,101,37.88,6.9,2,1.86,2,moderate_caller,False
WV,115,510,Yes,No,0,249.9,95,42.48,15.3,6,4.13,1,moderate_caller,True
UT,103,510,No,Yes,36,87.2,92,14.82,10.9,5,2.94,6,infrequent_caller,True
NJ,64,415,No,No,0,224.8,111,38.22,9.2,2,2.48,1,frequent_caller,False
MS,86,510,No,Yes,39,261.2,122,44.4,12.7,5,3.43,2,frequent_caller,False
ME,151,415,No,Yes,26,196.5,98,33.41,13.4,-1,3.62,0,moderate_caller,False
NM,87,510,Yes,No,0,167.3,119,28.44,11.0,6,2.97,1,frequent_caller,False
TX,90,415,No,No,0,109.6,88,18.63,11.0,5,2.97,2,infrequent_caller,False
LA,108,510,No,Yes,30,276.6,99,47.02,9.8,6,2.65,2,moderate_caller,False
TN,33,415,No,Yes,35,186.8,124,31.76,15.0,5,4.05,0,frequent_caller,False
WI,149,415,Yes,Yes,28,126.9,97,21.57,8.8,3,2.38,5,moderate_caller,True
MT,106,510,No,No,0,169.4,107,28.8,10.7,4,2.89,1,moderate_caller,False
ND,167,408,Yes,No,0,219.1,100,37.25,10.1,4,2.73,2,moderate_caller,False
WI,35,510,No,Yes,27,241.7,87,41.09,9.4,4,2.54,1,infrequent_caller,False
MO,107,415,No,Yes,22,281.1,83,47.79,11.2,9,3.02,1,infrequent_caller,False
AZ,92,415,Yes,Yes,45,281.1,88,47.79,7.5,3,2.03,0,infrequent_caller,False
VT,38,415,No,No,0,137.8,86,23.43,14.1,3,3.81,2,infrequent_caller,False
VA,68,408,Yes,No,0,148.5,126,25.25,14.5,7,3.92,1,frequent_caller,True
NE,123,510,No,No,0,194.0,118,32.98,12.1,4,3.27,1,frequent_caller,False
WA,75,510,No,Yes,41,130.9,115,22.25,12.4,4,3.35,1,frequent_caller,False
NM,153,408,No,No,0,185.3,127,31.5,15.1,3,4.08,1,frequent_caller,False
FL,143,415,No,No,0,119.1,117,20.25,12.2,4,3.29,0,frequent_caller,False
SC,87,408,No,No,0,322.5,106,54.83,9.4,4,2.54,2,moderate_caller,True
IN,100,510,No,No,0,216.2,107,36.75,10.2,3,2.75,0,moderate_caller,False
FL,144,415,No,Yes,51,283.9,98,48.26,10.0,4,2.7,1,moderate_caller,False
ND,70,415,No,Yes,31,125.9,101,21.4,10.3,4,2.78,1,moderate_caller,False
MA,136,408,Yes,No,0,199.6,89,33.93,11.0,4,2.97,3,infrequent_caller,True
MO,120,415,No,Yes,24,212.7,73,36.16,9.7,13,2.62,2,infrequent_caller,False
WY,104,408,No,No,0,183.6,133,31.21,12.7,-1,3.43,1,frequent_caller,False
CA,75,510,No,Yes,38,163.6,132,27.81,13.1,3,3.54,3,frequent_caller,False
NE,127,510,Yes,No,0,180.9,114,30.75,7.4,4,2.0,2,frequent_caller,False
ID,122,510,No,Yes,33,270.8,96,46.04,11.8,8,3.19,4,moderate_caller,False
VT,124,415,No,No,0,178.4,72,30.33,12.0,2,3.24,0,infrequent_caller,False
MO,167,415,Yes,No,0,244.8,91,41.62,10.7,3,2.89,2,infrequent_caller,False
VA,89,415,No,Yes,32,209.9,113,35.68,8.7,7,2.35,1,frequent_caller,False
VT,73,408,No,No,0,213.0,95,36.21,13.5,3,3.65,0,moderate_caller,False
MS,1,415,No,No,0,144.8,107,24.62,13.8,3,3.73,1,moderate_caller,False
KY,60,408,No,No,0,135.4,134,23.02,7.9,4,2.13,1,frequent_caller,False
WV,77,510,No,No,0,67.7,68,11.51,12.0,2,3.24,1,infrequent_caller,False
DC,76,415,No,No,0,224.4,121,38.15,6.7,2,1.81,2,frequent_caller,False
IA,63,510,No,No,0,153.5,81,26.1,6.5,5,1.76,2,infrequent_caller,False
MN,150,415,No,Yes,28,174.4,75,29.65,11.0,4,2.97,1,infrequent_caller,False
VT,101,415,No,No,0,153.8,89,26.15,11.6,2,3.13,4,infrequent_caller,False
AK,132,415,No,Yes,39,175.7,93,29.87,8.6,3,2.32,2,moderate_caller,False
CA,158,510,No,No,0,155.9,123,26.5,8.6,8,2.32,2,frequent_caller,False
MS,114,415,No,Yes,34,154.4,109,26.25,10.3,5,2.78,0,moderate_caller,False
AR,77,415,No,Yes,23,209.7,73,35.65,7.1,3,1.92,2,infrequent_caller,False
NJ,107,415,No,No,0,212.1,95,36.06,7.7,2,2.08,3,moderate_caller,False
NJ,48,510,No,Yes,22,152.0,63,25.84,15.7,5,4.24,2,infrequent_caller,True
TN,59,415,No,No,0,160.9,95,27.35,5.0,5,1.35,3,moderate_caller,False
DE,129,510,No,No,0,334.3,118,56.83,10.4,6,2.81,0,frequent_caller,True
TX,50,510,No,No,0,188.9,94,32.11,11.6,8,3.13,3,moderate_caller,False
MI,50,415,No,Yes,35,192.6,97,32.74,7.9,2,2.13,2,moderate_caller,False
MS,116,415,No,No,0,217.3,91,36.94,11.3,-1,3.05,2,infrequent_caller,False
OK,52,510,No,Yes,38,169.3,88,28.78,8.2,3,2.21,0,infrequent_caller,False
ND,12,510,Yes,No,0,216.7,117,36.84,9.8,4,2.65,2,frequent_caller,False
ND,105,510,No,No,0,246.4,83,41.89,3.8,4,1.03,0,infrequent_caller,False
NY,104,415,No,No,0,156.2,93,26.55,13.1,5,3.54,1,moderate_caller,False
WV,13,415,No,No,0,146.4,74,24.89,11.3,3,3.05,1,infrequent_caller,False
WV,67,408,No,No,0,167.8,91,28.53,8.4,12,2.27,1,infrequent_caller,False
DC,148,415,No,Yes,11,252.9,129,42.99,12.3,1,3.32,1,frequent_caller,False
MN,116,510,No,No,0,201.8,82,34.31,16.5,5,4.46,0,infrequent_caller,False
DE,131,408,No,No,0,94.4,80,16.05,13.1,9,3.54,2,infrequent_caller,False
VT,119,510,No,No,0,190.4,74,32.37,10.0,-1,2.7,2,infrequent_caller,False
NY,94,510,Yes,No,0,243.2,109,41.34,7.2,4,1.94,4,moderate_caller,False
TX,217,408,No,No,0,176.4,115,29.99,9.3,3,2.51,4,frequent_caller,False
OR,161,415,No,No,0,178.1,109,30.28,8.5,2,2.3,1,moderate_caller,False
KS,67,408,No,No,0,201.4,101,34.24,7.0,3,1.89,0,moderate_caller,False
ND,132,415,No,Yes,31,174.5,101,29.67,10.3,9,2.78,1,moderate_caller,False
PA,134,408,No,No,0,205.3,122,34.9,5.0,9,1.35,1,frequent_caller,False
NY,44,510,No,No,0,143.2,77,24.34,7.6,4,2.05,1,infrequent_caller,False
WY,53,415,No,Yes,27,25.9,119,4.4,6.5,7,1.76,1,frequent_caller,False
NY,108,415,No,No,0,154.2,123,26.21,15.4,-1,4.16,4,frequent_caller,True
ME,80,408,No,No,0,322.3,113,54.79,6.7,8,1.81,0,frequent_caller,True
SD,88,415,No,No,0,215.6,115,36.65,11.8,1,3.19,3,frequent_caller,False
UT,82,510,Yes,No,0,208.8,101,35.5,12.4,6,3.35,3,moderate_caller,False
AK,115,415,No,No,0,245.2,105,41.68,7.2,8,1.94,0,moderate_caller,False
RI,93,415,No,No,0,98.4,78,16.73,14.2,-1,3.83,1,infrequent_caller,False
AL,72,415,No,No,0,,93,,10.4,5,2.81,4,moderate_caller,False
DE,98,415,No,Yes,29,179.9,97,30.58,12.8,7,3.46,3,moderate_caller,False
ID,118,415,No,No,0,140.4,112,23.87,7.9,1,2.13,0,frequent_caller,False
MO,55,510,No,No,0,189.0,100,32.13,17.1,6,4.62,0,moderate_caller,False
IL,130,415,No,No,0,155.9,95,26.5,11.7,3,3.16,3,moderate_caller,False
FL,136,408,Yes,No,0,199.2,122,33.86,11.8,7,3.19,1,frequent_caller,False
KY,107,415,No,No,0,157.1,79,26.71,12.1,6,3.27,1,infrequent_caller,False
MI,91,415,No,No,0,154.4,165,26.25,11.7,4,3.16,5,frequent_caller,True
NY,167,415,No,No,0,166.4,85,28.29,9.9,5,2.67,1,infrequent_caller,False
KS,159,415,No,Yes,19,184.1,78,31.3,16.9,3,4.56,0,infrequent_caller,False
PA,122,415,No,No,0,,62,,12.7,2,3.43,1,infrequent_caller,False
MI,105,415,No,Yes,29,179.4,113,30.5,10.0,5,2.7,0,frequent_caller,False
NH,155,408,No,No,0,216.7,30,36.84,10.8,1,2.92,2,infrequent_caller,False
WA,161,415,No,No,0,151.6,117,25.77,4.0,5,1.08,1,frequent_caller,False
NY,122,415,No,No,0,173.6,110,29.51,9.7,7,2.62,3,moderate_caller,False
MD,37,415,Yes,No,0,106.6,76,18.12,9.6,8,2.59,2,infrequent_caller,False
KS,128,415,No,No,0,103.3,122,17.56,6.4,7,1.73,0,frequent_caller,False
DE,89,510,Yes,No,0,125.6,108,21.35,5.4,5,1.46,1,moderate_caller,False
IN,108,415,No,No,0,199.3,104,33.88,15.2,2,4.1,0,moderate_caller,False
VT,109,408,No,No,0,222.2,113,37.77,10.9,5,2.94,1,frequent_caller,False
WA,29,415,No,No,0,157.4,122,26.76,9.3,2,2.51,1,frequent_caller,False
NM,119,415,Yes,Yes,15,160.0,95,27.2,8.7,5,2.35,5,moderate_caller,True
MO,86,415,No,No,0,83.5,96,14.2,12.6,3,3.4,0,moderate_caller,False
IA,92,510,No,Yes,25,134.0,112,22.78,9.7,4,2.62,0,frequent_caller,False
WA,13,510,No,Yes,25,176.6,65,30.02,11.3,5,3.05,2,infrequent_caller,False
CT,144,510,Yes,Yes,35,174.8,127,29.72,12.8,3,3.46,0,frequent_caller,False
NH,139,510,No,No,0,221.3,140,37.62,11.3,6,3.05,1,frequent_caller,False
LA,95,415,No,No,0,141.1,84,23.99,5.9,6,1.59,3,infrequent_caller,False
ME,80,408,No,Yes,31,166.4,92,28.29,10.7,4,2.89,4,infrequent_caller,False
MT,113,415,No,No,0,215.9,93,36.7,4.9,5,1.32,3,moderate_caller,False
ID,88,415,No,Yes,31,181.6,91,30.87,11.4,4,3.08,1,infrequent_caller,False
UT,74,415,No,No,0,106.4,84,18.09,11.4,3,3.08,1,infrequent_caller,False
IL,48,510,No,No,0,128.2,71,21.79,8.9,3,2.4,0,infrequent_caller,False
AZ,163,510,No,No,0,178.7,56,30.38,10.6,2,2.86,4,infrequent_caller,False
ID,56,510,No,No,0,150.9,79,25.65,11.7,5,3.16,3,infrequent_caller,False
TX,64,415,No,No,0,168.0,116,28.56,10.1,3,2.73,2,frequent_caller,False
MT,116,415,No,Yes,35,182.8,122,31.08,11.0,2,2.97,1,frequent_caller,False
PA,101,415,Yes,No,0,193.7,108,32.93,11.6,8,3.13,0,moderate_caller,False
RI,85,415,Yes,No,0,197.2,97,33.52,8.3,4,2.24,4,moderate_caller,False
NH,90,415,No,No,0,76.1,121,12.94,10.8,3,2.92,0,frequent_caller,False
UT,73,415,No,No,0,182.3,115,30.99,18.0,5,4.86,1,frequent_caller,False
NH,55,408,No,Yes,20,189.3,95,32.18,12.5,4,3.38,2,moderate_caller,False
AK,76,415,No,Yes,22,160.1,107,27.22,9.5,4,2.57,3,moderate_caller,False
AZ,157,415,No,No,0,220.7,105,37.52,11.5,7,3.11,4,moderate_caller,False
NJ,131,415,No,No,0,211.8,115,36.01,10.8,7,2.92,0,frequent_caller,False
MI,51,415,No,No,0,229.7,129,39.05,9.6,1,2.59,1,frequent_caller,True
ID,166,415,No,No,0,220.7,106,37.52,12.4,9,3.35,1,moderate_caller,False
OR,66,408,No,No,0,87.6,76,14.89,9.2,5,2.48,1,infrequent_caller,False
UT,49,415,No,No,0,266.3,90,45.27,14.0,2,3.78,2,infrequent_caller,True
LA,89,415,No,No,0,141.1,92,23.99,10.8,2,2.92,2,infrequent_caller,False
WI,90,415,No,No,0,200.9,92,34.15,8.9,7,2.4,1,infrequent_caller,False
ID,193,415,No,No,0,96.8,92,16.46,10.9,5,2.94,2,infrequent_caller,True
TN,114,510,No,No,0,172.0,145,29.24,10.1,9,2.73,1,frequent_caller,False
NV,7,408,No,Yes,30,221.4,114,37.64,10.8,12,2.92,1,frequent_caller,False
WY,71,415,No,No,0,243.7,124,41.43,11.3,-1,3.05,0,frequent_caller,False
IL,31,415,No,Yes,28,210.5,101,35.79,11.5,2,3.11,1,moderate_caller,False
MA,111,415,No,No,0,284.4,89,48.35,8.4,8,2.27,0,infrequent_caller,True
AZ,97,408,No,No,0,169.7,84,28.85,12.8,6,3.46,3,infrequent_caller,False
ND,51,510,No,No,0,227.2,89,38.62,14.9,2,4.02,0,infrequent_caller,False
SD,86,415,No,No,0,223.9,75,38.06,7.3,9,1.97,1,infrequent_caller,False
ND,190,415,No,No,0,169.4,102,28.8,8.9,5,2.4,1,moderate_caller,False
CT,80,408,No,No,0,118.1,90,20.08,8.2,6,2.21,1,infrequent_caller,False
MO,36,415,No,No,0,202.4,115,34.41,10.2,2,2.75,3,frequent_caller,False
NJ,45,510,No,No,0,155.7,110,26.47,11.0,1,2.97,1,moderate_caller,False
NC,170,415,No,No,0,246.4,107,41.89,9.1,8,2.46,0,moderate_caller,False
UT,103,415,No,No,0,189.8,110,32.27,12.2,4,3.29,0,moderate_caller,False
WI,112,408,No,No,0,167.8,88,28.53,11.9,4,3.21,0,infrequent_caller,False
MT,125,510,No,No,0,143.2,80,24.34,8.8,7,2.38,4,infrequent_caller,True
MS,73,415,No,Yes,31,82.3,105,13.99,11.8,2,3.19,6,moderate_caller,True
NM,232,408,No,No,0,165.6,104,28.15,11.8,3,3.19,1,moderate_caller,False
SD,95,408,No,Yes,20,165.7,78,28.17,9.8,6,2.65,0,infrequent_caller,False
VA,182,415,No,No,0,176.1,90,29.94,9.7,4,2.62,1,infrequent_caller,False
NM,55,510,No,No,0,119.7,148,20.35,4.6,2,1.24,2,frequent_caller,False
VA,86,415,No,Yes,30,99.9,84,16.98,9.8,7,2.65,2,infrequent_caller,False
NJ,127,510,No,No,0,239.8,107,40.77,11.3,5,3.05,1,moderate_caller,False
TN,63,415,No,No,0,164.5,75,27.97,11.2,2,3.02,0,infrequent_caller,False
MI,79,510,No,No,0,220.9,107,37.55,12.2,2,3.29,1,moderate_caller,False
LA,111,415,No,Yes,28,128.8,104,21.9,10.3,2,2.78,2,moderate_caller,False
NH,121,510,No,Yes,35,193.8,62,32.95,5.9,4,1.59,0,infrequent_caller,False
RI,112,415,No,No,0,168.6,102,28.66,9.8,5,2.65,1,moderate_caller,False
LA,81,415,No,Yes,36,115.9,120,19.7,11.7,6,3.16,3,frequent_caller,False
AZ,72,510,No,No,0,272.4,88,46.31,12.7,2,3.43,0,infrequent_caller,False
SC,64,510,No,Yes,40,210.0,116,35.7,5.9,4,1.59,8,frequent_caller,False
MD,163,408,No,No,0,223.0,120,37.91,8.8,5,2.38,1,frequent_caller,False
WA,104,415,No,No,0,139.7,78,23.75,11.3,5,3.05,2,infrequent_caller,False
CA,93,510,No,Yes,19,136.8,113,23.26,12.5,3,3.38,2,frequent_caller,False
NJ,197,510,No,No,0,154.8,111,26.32,10.6,2,2.86,3,frequent_caller,False
AR,57,510,No,No,0,192.8,68,32.78,12.7,6,3.43,1,infrequent_caller,False
CT,107,408,No,No,0,103.4,94,17.58,14.4,3,3.89,1,moderate_caller,False
SD,75,408,No,No,0,147.5,110,25.08,16.4,3,4.43,2,moderate_caller,False
FL,106,408,No,No,0,178.4,143,30.33,9.6,2,2.59,0,frequent_caller,False
MS,70,408,No,No,0,148.4,110,25.23,8.9,4,2.4,0,moderate_caller,False
MA,80,408,No,No,0,148.6,106,25.26,10.0,2,2.7,2,moderate_caller,False
VT,137,510,No,No,0,97.5,95,16.58,0.0,0,0.0,1,moderate_caller,False
IL,90,415,No,Yes,29,185.6,106,31.55,11.1,5,3.0,2,moderate_caller,False
CT,30,408,No,No,0,137.6,108,23.39,5.8,10,1.57,3,moderate_caller,False
KS,105,415,Yes,No,0,273.9,119,46.56,10.9,7,2.94,1,frequent_caller,True
MA,102,415,No,Yes,31,125.3,92,21.3,6.3,2,1.7,3,infrequent_caller,False
NJ,83,415,No,No,0,178.8,102,30.4,8.6,4,2.32,3,moderate_caller,False
AR,63,510,No,Yes,49,214.9,86,36.53,8.2,-1,2.21,0,infrequent_caller,False
MS,155,408,No,No,0,163.0,93,27.71,15.1,4,4.08,2,moderate_caller,False
ME,105,408,No,No,0,115.5,73,19.64,13.3,5,3.59,3,infrequent_caller,False
IA,73,415,No,No,0,137.1,102,23.31,11.1,4,3.0,1,moderate_caller,False
NM,21,415,No,Yes,19,132.7,94,22.56,12.9,7,3.48,3,moderate_caller,False
TX,71,415,No,Yes,39,183.2,103,31.14,11.9,6,3.21,1,moderate_caller,False
KY,112,415,No,No,0,170.5,113,28.99,11.2,6,3.02,0,frequent_caller,False
AZ,66,510,No,No,0,154.0,133,26.18,9.5,3,2.57,4,frequent_caller,True
TN,99,408,No,No,0,54.8,92,9.32,7.5,3,2.03,1,infrequent_caller,False
WV,124,510,No,No,0,184.8,74,31.42,10.5,6,2.84,1,infrequent_caller,False
CT,95,415,No,Yes,36,283.1,112,48.13,11.3,3,3.05,3,frequent_caller,False
NH,130,408,No,No,0,68.4,86,11.63,10.4,4,2.81,0,infrequent_caller,False
MD,93,510,Yes,No,0,131.4,78,22.34,11.1,2,3.0,1,infrequent_caller,True
WV,191,408,No,No,0,162.0,104,27.54,10.9,7,2.94,1,moderate_caller,False
KY,88,415,No,No,0,148.2,82,25.19,6.4,4,1.73,2,infrequent_caller,False
WY,16,415,No,No,0,174.7,83,29.7,10.5,8,2.84,5,infrequent_caller,False
GA,107,510,No,No,0,194.5,97,33.07,12.7,1,3.43,2,moderate_caller,False
AK,96,408,No,Yes,29,150.0,91,25.5,8.5,3,2.3,1,infrequent_caller,False
CT,163,408,No,Yes,40,231.9,56,39.42,12.3,3,3.32,2,infrequent_caller,False
OR,95,415,No,No,0,269.0,120,45.73,7.3,4,1.97,2,frequent_caller,True
OK,123,415,No,Yes,27,198.7,127,33.78,12.5,5,3.38,1,frequent_caller,False
MA,34,415,No,No,0,293.7,89,49.93,11.0,10,2.97,2,infrequent_caller,True
DE,96,415,No,Yes,26,175.8,96,29.89,11.1,2,3.0,2,moderate_caller,False
OH,146,415,No,No,0,169.5,93,28.82,9.0,7,2.43,2,moderate_caller,False
ID,138,415,Yes,Yes,17,225.2,116,38.28,11.7,4,3.16,0,frequent_caller,False
MO,76,510,No,No,0,129.7,84,22.05,7.5,3,2.03,5,infrequent_caller,True
NC,83,510,No,Yes,36,95.9,87,16.3,13.3,4,3.59,0,infrequent_caller,False
HI,104,408,No,No,0,170.6,97,29.0,6.1,1,1.65,1,moderate_caller,False
NJ,106,415,No,No,0,191.4,124,32.54,8.2,3,2.21,1,frequent_caller,False
MS,84,510,No,No,0,75.3,96,12.8,12.3,1,3.32,1,moderate_caller,False
MN,99,408,No,No,0,128.8,86,21.9,14.1,4,3.81,2,infrequent_caller,False
RI,134,415,No,No,0,141.7,95,24.09,8.8,6,2.38,0,moderate_caller,False
NJ,80,415,No,No,0,268.7,120,45.68,5.8,1,1.57,2,frequent_caller,True
MN,85,415,No,No,0,255.3,114,43.4,3.7,5,1.0,3,frequent_caller,False
WI,120,408,No,Yes,26,239.4,94,40.7,7.7,3,2.08,0,moderate_caller,False
KS,120,510,No,No,0,158.0,110,26.86,10.0,5,2.7,1,moderate_caller,False
NJ,125,415,No,No,0,182.3,64,30.99,11.6,7,3.13,2,infrequent_caller,False
ND,118,415,No,Yes,39,91.5,125,15.56,12.7,8,3.43,2,frequent_caller,False
WY,62,415,No,No,0,172.4,132,29.31,11.0,5,2.97,0,frequent_caller,False
LA,112,510,No,No,0,174.5,127,29.67,11.3,7,3.05,1,frequent_caller,False
AL,68,510,No,No,0,157.3,83,26.74,12.0,7,3.24,1,infrequent_caller,False
TX,201,415,No,Yes,21,192.0,97,32.64,15.1,3,4.08,1,moderate_caller,False
AR,116,510,No,No,0,160.7,69,27.32,8.2,5,2.21,0,infrequent_caller,False
GA,133,510,No,No,0,227.4,90,38.66,4.7,7,1.27,0,infrequent_caller,False
KY,125,408,No,No,0,191.6,115,32.57,9.2,3,2.48,2,frequent_caller,False
NE,21,510,No,No,0,225.0,110,38.25,10.7,4,2.89,0,moderate_caller,False
ND,110,408,No,No,0,196.1,103,33.34,12.9,1,3.48,3,moderate_caller,False
NH,83,415,No,No,0,231.3,100,39.32,12.4,2,3.35,3,moderate_caller,False
IN,101,415,No,Yes,42,209.2,82,35.56,9.5,3,2.57,0,infrequent_caller,False
OR,117,415,No,Yes,17,221.3,82,37.62,4.4,4,1.19,0,infrequent_caller,False
OH,127,408,No,No,0,139.6,94,23.73,8.8,4,2.38,2,moderate_caller,False
KS,138,510,No,Yes,26,183.9,83,31.26,15.0,3,4.05,1,infrequent_caller,False
TX,120,415,No,No,0,203.3,108,34.56,7.8,2,2.11,3,moderate_caller,False
DC,141,415,No,Yes,37,185.4,87,31.52,8.0,3,2.16,4,infrequent_caller,False
OR,87,510,No,Yes,22,240.8,102,40.94,7.1,3,1.92,2,moderate_caller,False
WA,97,408,No,No,0,276.1,82,46.94,8.9,4,2.4,0,infrequent_caller,True
NC,162,408,No,Yes,26,179.7,144,30.55,9.3,8,2.51,1,frequent_caller,True
TX,119,510,No,No,0,81.9,75,13.92,8.9,1,2.4,2,infrequent_caller,True
WI,107,510,No,Yes,25,248.6,91,42.26,12.0,1,3.24,1,infrequent_caller,False
SC,140,510,No,Yes,28,157.1,77,26.71,11.1,-1,3.0,1,infrequent_caller,False
SD,91,415,No,No,0,153.0,123,26.01,10.3,15,2.78,1,frequent_caller,True
OH,135,415,No,No,0,218.8,123,37.2,10.3,3,2.78,4,frequent_caller,False
HI,86,408,No,Yes,21,197.9,99,33.64,10.1,9,2.73,0,moderate_caller,False
KY,131,415,No,No,0,166.5,129,28.31,9.9,5,2.67,1,frequent_caller,False
OH,86,415,No,Yes,29,225.4,79,38.32,12.9,3,3.48,1,infrequent_caller,False
AL,85,415,No,No,0,210.3,66,35.75,11.2,7,3.02,1,infrequent_caller,False
VT,195,415,No,Yes,36,231.7,110,39.39,12.1,2,3.27,0,moderate_caller,False
ND,177,408,No,No,0,189.5,99,32.22,14.2,-1,3.83,1,moderate_caller,False
WA,100,408,No,No,0,70.8,94,12.04,9.5,1,2.57,6,moderate_caller,True
CT,124,415,No,No,0,131.8,82,22.41,11.3,2,3.05,1,infrequent_caller,False
DE,81,510,Yes,No,0,250.6,85,42.6,7.8,5,2.11,1,infrequent_caller,False
HI,105,415,No,No,0,281.3,124,47.82,8.7,3,2.35,0,frequent_caller,True
MI,126,415,Yes,Yes,26,129.3,123,21.98,9.6,7,2.59,1,frequent_caller,False
ND,71,510,No,No,0,238.0,82,40.46,11.8,10,3.19,0,infrequent_caller,True
NE,139,415,No,No,0,211.1,103,35.89,5.6,4,1.51,0,moderate_caller,False
NE,77,415,No,No,0,169.4,102,28.8,2.0,7,0.54,1,moderate_caller,False
KY,72,408,No,No,0,177.1,97,30.11,8.0,6,2.16,1,moderate_caller,False
KS,74,415,No,Yes,32,174.6,107,29.68,9.0,4,2.43,1,moderate_caller,False
ND,124,415,No,No,0,150.3,101,25.55,12.5,4,3.38,2,moderate_caller,False
KY,113,408,No,Yes,20,157.8,83,26.83,8.7,2,2.35,5,infrequent_caller,True
ME,66,510,No,No,0,118.0,133,20.06,5.3,5,1.43,1,frequent_caller,False
MT,124,415,No,Yes,30,144.5,35,24.57,12.0,7,3.24,2,infrequent_caller,False
IL,134,408,No,No,0,183.8,111,31.25,6.1,2,1.65,1,frequent_caller,False
ME,41,415,No,Yes,30,191.7,109,32.59,11.1,4,3.0,1,moderate_caller,False
SC,159,415,No,Yes,23,153.6,93,26.11,12.6,3,3.4,2,moderate_caller,False
IL,87,408,Yes,Yes,36,171.2,138,29.1,10.8,3,2.92,1,frequent_caller,False
WA,132,415,No,No,0,240.1,115,40.82,8.0,6,2.16,3,frequent_caller,False
NE,86,408,No,No,0,83.8,121,14.25,6.7,8,1.81,1,frequent_caller,False
IL,55,415,Yes,No,0,269.6,121,45.83,8.2,6,2.21,1,frequent_caller,False
VT,101,415,No,No,0,136.2,92,23.15,13.3,7,3.59,3,infrequent_caller,False
KS,94,408,No,No,0,269.2,104,45.76,8.9,2,2.4,3,moderate_caller,True
ND,68,408,No,No,0,219.6,97,37.33,10.8,4,2.92,2,moderate_caller,False
CO,98,408,No,No,0,236.2,122,40.15,13.3,4,3.59,0,frequent_caller,False
TX,123,408,No,No,0,260.9,85,44.35,13.3,5,3.59,3,infrequent_caller,False
CA,111,408,No,No,0,249.8,109,42.47,11.6,4,3.13,0,moderate_caller,True
MS,69,510,No,Yes,27,268.8,78,45.7,16.4,3,4.43,0,infrequent_caller,False
RI,127,415,No,Yes,27,140.1,59,23.82,3.8,10,1.03,1,infrequent_caller,False
NM,105,415,No,No,0,193.7,108,32.93,10.8,5,2.92,1,moderate_caller,False
VA,75,415,No,No,0,224.7,116,38.2,11.3,11,3.05,3,frequent_caller,False
TX,126,415,No,No,0,190.9,143,32.45,13.0,3,3.51,1,frequent_caller,False
NM,41,415,No,No,0,232.1,74,39.46,10.9,2,2.94,3,infrequent_caller,True
RI,113,415,No,No,0,90.6,130,15.4,5.4,9,1.46,1,frequent_caller,False
NY,78,510,No,No,0,152.9,81,25.99,5.3,6,1.43,2,infrequent_caller,False
WA,110,415,No,No,0,241.2,105,41.0,8.5,4,2.3,2,moderate_caller,False
NE,112,415,Yes,Yes,16,200.3,72,34.05,10.4,3,2.81,1,infrequent_caller,False
ID,104,510,No,No,0,97.2,88,16.52,12.4,5,3.35,0,infrequent_caller,False
WV,127,510,No,No,0,224.3,112,38.13,10.0,1,2.7,2,frequent_caller,False
NE,61,408,No,No,0,267.1,104,45.41,17.3,4,4.67,1,moderate_caller,True
RI,65,415,No,Yes,29,215.5,129,36.64,8.8,5,2.38,2,frequent_caller,False
CT,152,408,No,Yes,20,239.1,105,40.65,13.3,3,3.59,5,moderate_caller,False
RI,63,415,Yes,No,0,62.9,112,10.69,8.9,-1,2.4,1,frequent_caller,False
IA,100,408,No,No,0,210.9,85,35.85,9.4,5,2.54,4,infrequent_caller,False
MS,29,510,No,No,0,313.2,103,53.24,12.8,4,3.46,2,moderate_caller,True
ME,175,415,No,No,0,132.0,95,22.44,8.7,10,2.35,1,moderate_caller,False
MS,98,415,Yes,Yes,23,245.5,54,41.74,10.8,7,2.92,1,infrequent_caller,False
VA,121,415,No,No,0,134.1,112,22.8,10.5,2,2.84,2,frequent_caller,False
PA,104,415,No,No,0,144.5,107,24.57,17.0,6,4.59,2,moderate_caller,False
NE,123,415,No,No,0,150.0,98,25.5,11.1,3,3.0,3,moderate_caller,False
MI,61,415,No,Yes,33,270.7,53,46.02,10.9,3,2.94,3,infrequent_caller,False
MD,160,415,No,No,0,256.0,111,43.52,11.5,4,3.11,3,frequent_caller,False
AR,153,408,No,No,0,154.6,56,26.28,15.5,2,4.19,1,infrequent_caller,False
FL,31,510,No,No,0,165.4,84,28.12,8.2,1,2.21,1,infrequent_caller,False
KY,122,415,No,No,0,168.3,96,28.61,8.4,6,2.27,1,moderate_caller,False
IN,46,415,No,Yes,34,191.4,102,32.54,7.2,2,1.94,1,moderate_caller,False
FL,103,415,No,No,0,158.7,90,26.98,10.5,4,2.84,1,infrequent_caller,False
IL,68,415,Yes,Yes,29,195.5,113,33.24,13.5,9,3.65,1,frequent_caller,True
AL,149,415,No,Yes,20,264.4,102,44.95,11.3,3,3.05,2,moderate_caller,False
MT,102,408,No,No,0,273.2,85,46.44,13.1,7,3.54,2,infrequent_caller,True
WI,153,510,No,No,0,159.5,103,27.12,10.1,2,2.73,1,moderate_caller,True
NY,122,510,No,No,0,145.6,102,24.75,12.2,5,3.29,0,moderate_caller,False
WY,127,510,Yes,No,0,247.5,99,42.08,10.6,3,2.86,2,moderate_caller,False
NY,126,415,Yes,No,0,239.7,87,40.75,11.4,1,3.08,1,infrequent_caller,True
CO,90,408,No,No,0,109.9,102,18.68,10.9,6,2.94,0,moderate_caller,False
CA,37,510,No,No,0,239.9,120,40.78,8.9,4,2.4,2,frequent_caller,True
CO,132,415,No,No,0,197.8,66,33.63,10.9,3,2.94,4,infrequent_caller,True
KY,38,408,No,Yes,36,115.4,98,19.62,15.2,6,4.1,2,moderate_caller,False
ID,92,415,No,No,0,197.2,113,33.52,11.0,-1,2.97,2,frequent_caller,False
HI,111,408,No,Yes,13,193.1,104,32.83,12.1,4,3.27,1,moderate_caller,False
TX,121,415,No,Yes,31,263.1,70,44.73,9.7,4,2.62,5,infrequent_caller,False
GA,131,408,No,No,0,197.0,79,33.49,11.6,5,3.13,1,infrequent_caller,False
ME,19,415,No,No,0,201.5,123,34.26,12.9,4,3.48,1,frequent_caller,False
OH,135,415,No,No,0,,107,,13.7,6,3.7,1,moderate_caller,False
TN,129,408,No,No,0,101.4,145,17.24,7.1,6,1.92,1,frequent_caller,False
VT,142,415,No,No,0,232.5,74,39.53,10.4,6,2.81,4,infrequent_caller,False
MD,130,415,No,Yes,45,174.5,120,29.67,12.2,2,3.29,1,frequent_caller,False
NE,92,415,No,No,0,181.4,98,30.84,10.9,4,2.94,2,moderate_caller,False
WY,146,415,No,Yes,11,180.7,82,30.72,10.1,4,2.73,2,infrequent_caller,False
WV,152,510,Yes,Yes,41,146.8,128,24.96,4.3,2,1.16,1,frequent_caller,True
MS,189,415,No,No,0,227.8,124,38.73,5.6,4,1.51,3,frequent_caller,False
OH,95,415,No,Yes,23,160.3,87,27.25,7.4,3,2.0,0,infrequent_caller,False
AK,1,408,No,No,0,175.2,74,29.78,5.3,3,1.43,1,infrequent_caller,False
IN,141,415,No,Yes,39,116.9,127,19.87,12.3,2,3.32,0,frequent_caller,False
WA,111,510,No,No,0,152.2,114,25.87,9.8,3,2.65,0,frequent_caller,False
RI,143,408,No,No,0,167.8,72,28.53,10.5,6,2.84,4,infrequent_caller,True
AL,148,415,No,Yes,21,262.9,135,44.69,8.1,4,2.19,1,frequent_caller,False
MT,143,408,No,Yes,22,141.8,116,24.11,7.8,3,2.11,1,frequent_caller,False
NM,90,415,No,No,0,167.5,96,28.48,13.0,1,3.51,1,moderate_caller,False
OH,169,408,No,No,0,147.2,115,25.02,7.2,6,1.94,3,frequent_caller,False
LA,53,415,No,No,0,145.1,116,24.67,7.9,5,2.13,2,frequent_caller,False
MO,15,415,No,No,0,135.2,101,22.98,8.4,5,2.27,2,moderate_caller,False
DC,123,408,No,Yes,28,124.7,105,21.2,7.8,8,2.11,1,moderate_caller,False
TN,95,510,No,No,0,174.0,57,29.58,9.7,2,2.62,0,infrequent_caller,False
WA,82,510,No,No,0,265.2,122,45.08,10.7,9,2.89,2,frequent_caller,False
RI,180,415,No,No,0,143.3,134,24.36,10.1,4,2.73,1,frequent_caller,False
RI,125,408,No,No,0,113.0,108,19.21,9.2,5,2.48,2,moderate_caller,True
OR,138,415,Yes,Yes,28,211.2,117,35.9,10.7,2,2.89,3,frequent_caller,True
MA,90,408,No,No,0,157.9,72,26.84,12.2,5,3.29,2,infrequent_caller,False
NC,190,408,No,No,0,182.2,101,30.97,9.3,4,2.51,2,moderate_caller,False
IA,143,510,No,Yes,33,141.4,130,24.04,7.7,6,2.08,1,frequent_caller,False
IL,183,510,No,No,0,108.3,87,18.41,13.5,2,3.65,0,infrequent_caller,False
KY,58,415,No,No,0,247.2,116,42.02,9.3,2,2.51,2,frequent_caller,True
TN,123,415,No,No,0,166.9,98,28.37,12.8,4,3.46,3,moderate_caller,False
GA,155,510,No,No,0,71.2,90,12.1,8.6,4,2.32,0,infrequent_caller,False
MN,53,415,No,No,0,164.1,106,27.9,11.4,2,3.08,1,moderate_caller,False
MT,101,415,No,No,0,154.4,130,26.25,13.9,4,3.75,1,frequent_caller,False
ND,122,408,No,No,0,231.2,141,39.3,8.8,5,2.38,1,frequent_caller,True
VA,163,415,No,No,0,202.9,100,34.49,12.8,3,3.46,5,moderate_caller,False
ND,120,415,No,No,0,177.2,88,30.12,14.0,2,3.78,2,infrequent_caller,False
TN,196,415,No,No,0,133.1,80,22.63,10.3,8,2.78,1,infrequent_caller,False
NE,147,415,No,Yes,38,243.4,126,41.38,14.1,8,3.81,2,frequent_caller,False
IN,81,408,No,Yes,46,168.3,124,28.61,6.7,2,1.81,4,frequent_caller,False
OR,165,415,No,Yes,33,111.6,140,18.97,16.0,3,4.32,0,frequent_caller,False
TN,115,415,No,No,0,206.2,113,35.05,11.0,7,2.97,1,frequent_caller,False
TX,90,408,No,Yes,27,156.7,51,26.64,12.6,6,3.4,2,infrequent_caller,False
TN,37,415,No,No,0,221.0,126,37.57,6.8,3,1.84,4,frequent_caller,False
NC,76,510,No,No,0,,94,,10.0,4,2.7,1,moderate_caller,False
MT,109,510,No,No,0,154.8,82,26.32,5.9,9,1.59,3,infrequent_caller,False
HI,105,510,No,No,0,125.4,116,21.32,11.4,9,3.08,2,frequent_caller,False
MI,74,415,No,No,0,124.8,114,21.22,10.6,7,2.86,3,frequent_caller,False
AL,76,415,No,No,0,179.2,85,30.46,12.4,2,3.35,0,infrequent_caller,False
CT,116,415,No,No,0,245.9,73,41.8,8.9,5,2.4,3,infrequent_caller,False
UT,138,510,No,No,0,205.9,96,35.0,12.1,8,3.27,0,moderate_caller,False
DC,102,415,No,No,0,186.8,92,31.76,9.7,4,2.62,2,infrequent_caller,False
UT,164,510,No,No,0,192.1,95,32.66,7.3,3,1.97,3,moderate_caller,False
MN,125,415,No,No,0,240.7,82,40.92,10.1,3,2.73,0,infrequent_caller,True
SC,209,510,No,No,0,255.1,124,43.37,8.5,5,2.3,3,frequent_caller,True
NH,116,408,No,Yes,24,183.6,138,31.21,6.0,3,1.62,2,frequent_caller,False
MD,189,415,No,Yes,30,155.2,116,26.38,15.4,6,4.16,1,frequent_caller,False
OK,84,510,No,No,0,203.4,125,34.58,13.8,2,3.73,1,frequent_caller,False
NJ,182,415,No,No,0,279.1,124,47.45,9.5,11,2.57,2,frequent_caller,True
HI,171,510,No,No,0,189.8,122,32.27,10.3,1,2.78,0,frequent_caller,False
DE,90,415,No,No,0,198.5,124,33.75,8.0,7,2.16,2,frequent_caller,False
AL,117,510,No,No,0,158.7,84,26.98,7.7,10,2.08,2,infrequent_caller,False
KS,186,510,No,No,0,137.8,97,23.43,8.7,6,2.35,1,moderate_caller,False
AK,55,408,No,Yes,39,139.3,101,23.68,8.1,1,2.19,3,moderate_caller,False
WI,74,408,No,No,0,177.4,136,30.16,12.0,3,3.24,0,frequent_caller,False
IN,130,408,No,No,0,115.6,129,19.65,12.6,9,3.4,1,frequent_caller,False
DC,80,408,No,No,0,51.5,90,8.76,9.5,4,2.57,3,infrequent_caller,False
MS,120,415,No,No,0,131.7,99,22.39,10.7,3,2.89,1,moderate_caller,False
NH,84,408,No,Yes,30,106.5,65,18.11,5.7,3,1.54,2,infrequent_caller,False
NJ,134,510,No,Yes,34,247.2,105,42.02,6.1,5,1.65,2,moderate_caller,True
VT,68,415,No,No,0,158.8,119,27.0,10.3,3,2.78,1,frequent_caller,False
MD,119,408,No,No,0,239.1,88,40.65,10.9,3,2.94,3,infrequent_caller,True
KS,166,415,Yes,Yes,28,175.8,126,29.89,11.4,5,3.08,1,frequent_caller,False
NH,90,415,No,Yes,42,193.3,66,32.86,11.1,4,3.0,0,infrequent_caller,False
AZ,82,415,No,Yes,33,137.8,95,23.43,11.0,6,2.97,2,moderate_caller,False
ID,130,415,No,No,0,263.7,113,44.83,18.3,6,4.94,1,frequent_caller,True
TX,130,408,No,No,0,252.0,101,42.84,5.7,5,1.54,0,moderate_caller,False
RI,155,408,Yes,No,0,163.1,94,27.73,11.2,3,3.02,0,moderate_caller,False
OR,81,415,No,No,0,324.7,48,55.2,13.1,5,3.54,0,infrequent_caller,True
NC,75,408,No,No,0,203.3,70,34.56,14.3,3,3.86,1,infrequent_caller,False
NM,178,415,No,Yes,35,175.4,88,29.82,10.5,3,2.84,2,infrequent_caller,False
SC,112,415,No,No,0,,97,,14.2,2,3.83,2,moderate_caller,True
AZ,100,510,No,No,0,78.7,98,13.38,14.0,8,3.78,0,moderate_caller,False
WV,104,415,No,No,0,225.9,123,38.4,10.1,4,2.73,1,frequent_caller,False
NY,160,408,No,No,0,216.8,77,36.86,5.6,2,1.51,1,infrequent_caller,False
WV,87,415,No,No,0,58.0,125,9.86,11.5,3,3.11,0,frequent_caller,False
NM,81,415,No,No,0,173.2,80,29.44,11.8,6,3.19,2,infrequent_caller,False
ME,28,415,No,No,0,236.8,102,40.26,9.7,3,2.62,3,moderate_caller,False
WI,95,408,No,No,0,237.3,83,40.34,11.2,6,3.02,1,infrequent_caller,False
NJ,35,408,No,No,0,158.6,67,26.96,6.9,5,1.86,2,infrequent_caller,False
WY,134,510,No,No,0,,93,,12.3,10,3.32,0,moderate_caller,True
AR,185,415,No,Yes,19,157.3,123,26.74,9.6,6,2.59,0,frequent_caller,False
PA,85,408,No,No,0,144.4,88,24.55,9.9,3,2.67,1,infrequent_caller,False
TN,148,415,No,Yes,36,77.6,141,13.19,10.9,2,2.94,1,frequent_caller,False
CT,134,408,No,Yes,32,80.3,94,13.65,16.6,3,4.48,0,moderate_caller,False
MA,80,408,No,Yes,36,190.3,115,32.35,3.8,4,1.03,1,frequent_caller,False
OH,165,510,No,No,0,209.4,67,35.6,12.8,1,3.46,0,infrequent_caller,False
KS,65,415,No,Yes,34,208.8,119,35.5,12.5,4,3.38,4,frequent_caller,False
OK,104,415,No,No,0,113.6,87,19.31,10.5,6,2.84,2,infrequent_caller,False
UT,44,415,No,No,0,202.6,89,34.44,8.3,3,2.24,0,infrequent_caller,False
OH,162,415,No,No,0,135.2,98,22.98,10.2,2,2.75,2,moderate_caller,False
WA,96,415,No,No,0,276.9,105,47.07,10.3,3,2.78,1,moderate_caller,True
IN,72,510,No,No,0,287.4,116,48.86,5.0,3,1.35,4,frequent_caller,True
NE,31,415,No,No,0,97.5,129,16.58,7.0,5,1.89,1,frequent_caller,False
AL,72,415,No,No,0,166.5,102,28.31,13.3,5,3.59,0,moderate_caller,False
PA,136,408,No,No,0,102.1,75,17.36,9.8,5,2.65,0,infrequent_caller,False
OR,82,415,No,Yes,19,146.5,73,24.91,4.1,4,1.11,1,infrequent_caller,False
MN,155,408,Yes,No,0,250.8,146,42.64,10.0,5,2.7,2,frequent_caller,False
GA,136,415,No,No,0,163.4,83,27.78,9.8,4,2.65,7,infrequent_caller,False
TX,57,415,No,No,0,161.0,113,27.37,8.4,4,2.27,3,frequent_caller,False
NM,112,415,No,No,0,81.6,94,13.87,8.6,18,2.32,1,moderate_caller,False
NC,95,408,No,No,0,128.6,115,21.86,6.3,2,1.7,6,frequent_caller,True
ID,113,415,No,Yes,30,183.8,102,31.25,11.6,7,3.13,0,moderate_caller,False
WI,103,415,No,No,0,180.2,134,30.63,8.4,3,2.27,1,frequent_caller,False
SC,149,415,No,Yes,20,147.8,132,25.13,10.2,6,2.75,0,frequent_caller,False
NV,116,408,No,No,0,110.9,54,18.85,7.9,2,2.13,2,infrequent_caller,False
NE,95,510,No,No,0,58.2,96,9.89,10.4,5,2.81,0,moderate_caller,False
UT,201,510,No,No,0,212.7,72,36.16,7.0,6,1.89,1,infrequent_caller,False
HI,150,415,No,No,0,214.0,117,36.38,7.9,4,2.13,1,frequent_caller,False
MI,108,408,Yes,No,0,115.1,114,19.57,13.8,3,3.73,2,frequent_caller,True
MO,101,415,Yes,No,0,156.4,116,26.59,7.3,5,1.97,1,frequent_caller,False
AL,182,415,No,Yes,24,128.1,104,21.78,11.6,3,3.13,1,moderate_caller,False
VT,128,408,No,No,0,227.9,130,38.74,5.5,7,1.49,1,frequent_caller,True
VA,113,408,No,Yes,34,44.9,63,7.63,13.3,3,3.59,1,infrequent_caller,False
RI,76,415,No,No,0,171.1,78,29.09,16.2,3,4.37,1,infrequent_caller,False
MD,204,510,No,No,0,205.2,145,34.88,14.1,5,3.81,3,frequent_caller,False
OH,32,415,No,Yes,31,232.8,97,39.58,13.0,2,3.51,0,moderate_caller,False
CO,103,415,No,Yes,37,153.5,78,26.1,10.6,3,2.86,1,infrequent_caller,False
UT,148,510,No,No,0,203.0,92,34.51,14.6,9,3.94,1,infrequent_caller,False
CO,57,415,No,No,0,85.9,92,14.6,10.1,2,2.73,0,infrequent_caller,False
KY,64,415,Yes,No,0,146.7,83,24.94,12.5,3,3.38,3,infrequent_caller,False
DC,70,415,No,No,0,152.8,145,25.98,10.5,2,2.84,1,frequent_caller,False
MA,142,408,No,No,0,216.8,134,36.86,8.3,2,2.24,0,frequent_caller,False
AZ,88,415,No,No,0,172.8,81,29.38,12.8,5,3.46,2,infrequent_caller,False
IL,131,510,No,No,0,263.4,123,44.78,10.7,2,2.89,2,frequent_caller,False
CO,130,408,No,No,0,271.8,129,46.21,8.7,2,2.35,4,frequent_caller,True
OR,166,510,No,No,0,199.6,93,33.93,7.2,5,1.94,3,moderate_caller,False
MS,130,510,No,No,0,203.9,63,34.66,12.1,4,3.27,3,infrequent_caller,False
SC,111,510,No,No,0,78.3,119,13.31,12.1,4,3.27,1,frequent_caller,False
IN,100,415,No,Yes,32,125.2,123,21.28,12.6,9,3.4,3,frequent_caller,False
ME,57,415,No,No,0,221.1,101,37.59,9.5,1,2.57,0,moderate_caller,False
DE,139,408,No,No,0,139.0,110,23.63,12.1,1,3.27,0,moderate_caller,False
OR,113,415,No,No,0,159.8,143,27.17,13.1,7,3.54,2,frequent_caller,False
NJ,108,415,No,No,0,239.3,102,40.68,10.6,6,2.86,0,moderate_caller,False
MT,100,415,No,No,0,113.3,96,19.26,11.7,2,3.16,4,moderate_caller,True
WV,120,510,No,No,0,192.6,123,32.74,10.8,3,2.92,1,frequent_caller,False
NJ,107,408,No,Yes,36,96.3,83,16.37,10.3,2,2.78,1,infrequent_caller,False
IN,104,408,No,No,0,280.4,127,47.67,15.2,6,4.1,5,frequent_caller,False
NM,62,415,No,No,0,245.3,91,41.7,8.5,4,2.3,4,infrequent_caller,False
MT,34,415,No,Yes,14,151.5,100,25.76,10.7,5,2.89,2,moderate_caller,False
NM,183,415,No,No,0,190.0,100,32.3,9.5,4,2.57,1,moderate_caller,False
IL,123,408,No,No,0,114.8,94,19.52,9.6,4,2.59,2,moderate_caller,False
IN,64,408,No,No,0,113.8,97,19.35,10.4,1,2.81,3,moderate_caller,False
ND,27,415,No,No,0,227.4,67,38.66,7.8,6,2.11,1,infrequent_caller,False
NH,123,408,No,No,0,224.0,99,38.08,2.1,5,0.57,0,moderate_caller,False
NM,84,408,No,Yes,41,153.9,102,26.16,12.8,5,3.46,1,moderate_caller,False
LA,91,415,No,No,0,190.5,128,32.39,13.8,5,3.73,0,frequent_caller,False
KY,95,510,No,No,0,157.3,116,26.74,8.4,4,2.27,2,frequent_caller,False
WV,73,415,No,No,0,240.3,130,40.85,11.9,3,3.21,0,frequent_caller,False
WV,58,408,No,Yes,39,211.9,40,36.02,5.4,4,1.46,1,infrequent_caller,False
IA,88,415,No,No,0,113.7,67,19.33,10.8,3,2.92,1,infrequent_caller,False
NE,67,415,No,Yes,41,174.7,86,29.7,13.4,1,3.62,0,infrequent_caller,False
WA,152,510,No,No,0,161.4,84,27.44,11.8,5,3.19,1,infrequent_caller,False
PA,142,510,No,Yes,40,230.7,101,39.22,6.4,3,1.73,1,moderate_caller,False
ID,105,408,No,No,0,232.6,96,39.54,10.5,9,2.84,1,moderate_caller,False
DC,93,408,No,Yes,22,306.2,123,52.05,11.7,2,3.16,0,frequent_caller,False
KY,79,415,No,No,0,236.8,135,40.26,10.4,5,2.81,2,frequent_caller,False
SC,88,408,No,No,0,153.5,94,26.1,8.5,6,2.3,1,moderate_caller,False
NC,110,408,No,No,0,159.5,145,27.12,16.7,-1,4.51,2,frequent_caller,False
NY,209,415,No,No,0,153.7,105,26.13,10.7,2,2.89,0,moderate_caller,False
OR,27,510,No,No,0,232.1,81,39.46,15.0,6,4.05,5,infrequent_caller,False
IL,117,415,No,No,0,201.9,86,34.32,7.8,10,2.11,1,infrequent_caller,False
MA,87,408,No,No,0,186.9,79,31.77,4.2,14,1.13,1,infrequent_caller,False
CT,129,510,No,Yes,27,196.6,89,33.42,6.6,5,1.78,1,infrequent_caller,False
WI,142,510,No,No,0,232.1,102,39.46,9.9,-1,2.67,1,moderate_caller,False
OK,112,415,No,No,0,166.0,79,28.22,6.3,7,1.7,0,infrequent_caller,False
AZ,97,408,No,Yes,25,141.0,101,23.97,4.9,2,1.32,3,moderate_caller,False
KS,101,415,No,No,0,231.3,87,39.32,7.2,7,1.94,1,infrequent_caller,False
KS,127,415,No,Yes,24,154.8,69,26.32,9.0,4,2.43,1,infrequent_caller,False
WY,148,408,No,No,0,243.0,115,41.31,13.4,5,3.62,2,frequent_caller,False
OK,138,510,No,Yes,33,155.2,139,26.38,9.7,4,2.62,3,frequent_caller,False
WA,84,415,No,No,0,289.1,100,49.15,12.7,2,3.43,2,moderate_caller,True
MD,133,510,No,No,0,295.0,141,50.15,12.9,4,3.48,2,frequent_caller,True
NY,120,510,No,Yes,27,,115,,0.0,0,0.0,1,frequent_caller,False
WI,87,415,No,No,0,238.0,97,40.46,10.6,6,2.86,2,moderate_caller,False
AK,99,510,No,No,0,238.4,96,40.53,12.4,4,3.35,3,moderate_caller,False
AZ,48,415,No,Yes,27,141.1,109,23.99,13.2,2,3.56,1,moderate_caller,False
KS,57,415,No,No,0,158.1,117,26.88,11.8,7,3.19,0,frequent_caller,False
CA,127,510,No,No,0,107.9,128,18.34,0.0,0,0.0,0,frequent_caller,False
IN,114,408,No,No,0,203.8,85,34.65,11.7,-1,3.16,1,infrequent_caller,False
CA,84,415,No,No,0,280.0,113,47.6,10.4,4,2.81,0,frequent_caller,True
WI,114,415,No,Yes,26,137.1,88,23.31,11.5,7,3.11,2,infrequent_caller,False
AL,106,408,No,Yes,29,,131,,8.1,3,2.19,1,frequent_caller,False
VT,60,415,No,No,0,193.9,118,32.96,13.2,8,3.56,3,frequent_caller,False
WV,159,415,No,No,0,169.8,114,28.87,11.6,4,3.13,1,frequent_caller,False
CT,184,510,Yes,No,0,213.8,105,36.35,5.0,10,1.35,2,moderate_caller,False
